[{"model": "auth.user", "pk": 1, "fields": {"password": "pbkdf2_sha256$600000$bsXiyHZ0HPDnRSwqxiWePc$1BJthfY2g1GU/Ahfr565zZZUzK9woOoU8pM5s+QL4Lc=", "last_login": "2026-03-10T18:30:45.694Z", "is_superuser": true, "username": "Michele", "first_name": "Michele", "last_name": "Bertoncini", "email": "michele.bertoncini@gmail.com", "is_staff": true, "is_active": true, "date_joined": "2025-03-08T11:16:31.755Z", "groups": [], "user_permissions": []}}, {"model": "auth.user", "pk": 2, "fields": {"password": "pbkdf2_sha256$870000$rzadNowaVi9amROo1oTBcJ$+UrAykJd0aOQCFQcovAbJgJeOvP/KIMMLut63AtOnkE=", "last_login": "2025-03-09T13:18:06.690Z", "is_superuser": false, "username": "Cible", "first_name": "", "last_name": "", "email": "", "is_staff": false, "is_active": true, "date_joined": "2025-03-09T13:18:06.344Z", "groups": [], "user_permissions": []}}, {"model": "auth.user", "pk": 3, "fields": {"password": "pbkdf2_sha256$600000$nWGXNVDn8TBtVdY7ryYfUO$GttidIWWRTPF6v7cU08Ln5kxpFrkOO6ihTPM1xpCn5M=", "last_login": "2026-03-10T18:32:52.007Z", "is_superuser": false, "username": "Edogasgas", "first_name": "", "last_name": "", "email": "", "is_staff": false, "is_active": true, "date_joined": "2025-03-09T18:16:08.029Z", "groups": [], "user_permissions": []}}, {"model": "auth.user", "pk": 4, "fields": {"password": "pbkdf2_sha256$600000$KlT5cbh8NZc7B2qK60DU2B$NeTiIv8sNqEpds/l+dxPsqZTq0TJvJWKQ2hLPf6dI5A=", "last_login": "2025-03-10T07:57:10.439Z", "is_superuser": false, "username": "spiè", "first_name": "", "last_name": "", "email": "", "is_staff": false, "is_active": true, "date_joined": "2025-03-10T07:57:09.895Z", "groups": [], "user_permissions": []}}, {"model": "auth.user", "pk": 5, "fields": {"password": "pbkdf2_sha256$600000$iEJmFbOaomRhpVjWgkjrER$7tq5ARKr2le0lw+YVAP9rSi2PbUii0DqLEFZCeK/cS4=", "last_login": "2025-03-10T08:09:14.022Z", "is_superuser": false, "username": "Andrea_Cerofolini", "first_name": "", "last_name": "", "email": "", "is_staff": false, "is_active": true, "date_joined": "2025-03-10T08:09:13.499Z", "groups": [], "user_permissions": []}}, {"model": "auth.user", "pk": 6, "fields": {"password": "pbkdf2_sha256$600000$QRGJPZ4efNqJqj1xR2FcN0$hFUsojeVQYdG9f96dt1RC+lr+gHsfBUsqDBIURhasbI=", "last_login": "2025-03-11T21:18:36.987Z", "is_superuser": false, "username": "cinirachele@gmail.com", "first_name": "", "last_name": "", "email": "", "is_staff": false, "is_active": true, "date_joined": "2025-03-11T21:18:36.503Z", "groups": [], "user_permissions": []}}, {"model": "auth.user", "pk": 7, "fields": {"password": "pbkdf2_sha256$600000$2TAqhxuqH1ihNFSSPrPVo6$qHQ2/ZwXG2X1utbOaK6z3EMSuXX1czfpt5u/jeasPMQ=", "last_login": null, "is_superuser": false, "username": "Rachele", "first_name": "", "last_name": "", "email": "cinirachele@gmail.com", "is_staff": false, "is_active": true, "date_joined": "2026-03-08T14:45:19.178Z", "groups": [], "user_permissions": []}}, {"model": "sessions.session", "pk": "0a4ga7nwqgcxipvl22t0autgxngn9jth", "fields": {"session_data": ".eJxVjMsOwiAQRf-FtSE8Rgou3fcbyDAMUjU0Ke3K-O_apAvd3nPOfYmI21rj1nmJUxYXAeL0uyWkB7cd5Du22yxpbusyJbkr8qBdjnPm5_Vw_w4q9vqtjTaEFpXN2ShIfvB49kGxUdkVJiSvgX1xYSgAqQQfwDoCZXRR5NiK9wfeNjel:1trY0c:ykGbXxmpliGCt2hlPOYJ7nXpsMIE2ba2_j3j6jjtKSo", "expire_date": "2025-03-24T07:57:10.475Z"}}, {"model": "sessions.session", "pk": "4yy754d8ec440waibblsszpbgitirdez", "fields": {"session_data": ".eJxVjM0OwiAQhN-FsyH8WcCjd5-BsLsgVQNJaU_Gd5cmPehpJvPNzJuFuK0lbD0tYSZ2YZKdfjOI-Ex1B_SI9d44trouM_C9wg_a-a1Rel2P7t9Bib2MtQAk7x2BspkMupS10GeYhI9aCrRmKDiZrVHOwpRTjlqDTyCUGQbZ5wvxqzgv:1vzD6x:y2UJOHG45_lMjh9cpMKGd_Iyk7REr5F1TBE_S273MrE", "expire_date": "2026-03-22T12:19:55.685Z"}}, {"model": "sessions.session", "pk": "berpurqkzucbwerbtq3yoiw4s7nz770n", "fields": {"session_data": ".eJxVjM0OwiAQhN-FsyH8WcCjd5-BsLsgVQNJaU_Gd5cmPehpJvPNzJuFuK0lbD0tYSZ2YZKdfjOI-Ex1B_SI9d44trouM_C9wg_a-a1Rel2P7t9Bib2MtQAk7x2BspkMupS10GeYhI9aCrRmKDiZrVHOwpRTjlqDTyCUGQbZ5wvxqzgv:1tuo7y:GK_Ik41EQAZUBIiBDBJv1XUSmYrE-d61i1pZLPJacAQ", "expire_date": "2025-04-02T07:46:14.578Z"}}, {"model": "sessions.session", "pk": "c4rpnpayltv3u2e26x44mzq1pbhk2r3e", "fields": {"session_data": ".eJxVjM0OwiAQhN-FsyH8WcCjd5-BsLsgVQNJaU_Gd5cmPehpJvPNzJuFuK0lbD0tYSZ2YZKdfjOI-Ex1B_SI9d44trouM_C9wg_a-a1Rel2P7t9Bib2MtQAk7x2BspkMupS10GeYhI9aCrRmKDiZrVHOwpRTjlqDTyCUGQbZ5wvxqzgv:1tvMy3:zJ7oIs5Lb8Qoa6lFrm0fN7uQ_hjT_-xHdq1gN2Y2KdU", "expire_date": "2025-04-03T20:58:19.984Z"}}, {"model": "sessions.session", "pk": "d0qw50qc2850jknyrz9v18c9iy48ig3e", "fields": {"session_data": ".eJxVjM0OwiAQhN-FsyH8WcCjd5-BsLsgVQNJaU_Gd5cmPehpJvPNzJuFuK0lbD0tYSZ2YZKdfjOI-Ex1B_SI9d44trouM_C9wg_a-a1Rel2P7t9Bib2MtQAk7x2BspkMupS10GeYhI9aCrRmKDiZrVHOwpRTjlqDTyCUGQbZ5wvxqzgv:1tuQ7P:d1xkVP0YCbDp12xfR1467-zoNJctcOFM84X96vR3mPQ", "expire_date": "2025-04-01T06:08:03.476Z"}}, {"model": "sessions.session", "pk": "g8jammgvief2l40fiwbvftxace4ti7sp", "fields": {"session_data": ".eJxVjDsOwjAQBe_iGlm24y8lPWew1rsbHECOFCcV4u4QKQW0b2beS2TY1pq3zkueSJzFIE6_WwF8cNsB3aHdZolzW5epyF2RB-3yOhM_L4f7d1Ch12_tgo-K0SAXlXyK3iebcDBuZJs0Kw7BeCBCCNqgtRoNODeiwlgUJSPeH9KDN60:1trLCA:CtpnqUBqWA6Ua8qNf05vdB2WpGaQYuESmPXx3AxcZQU", "expire_date": "2025-03-23T18:16:14.478Z"}}, {"model": "sessions.session", "pk": "mqkpojsx58pkr8077dpls53t50xhb8yd", "fields": {"session_data": ".eJxVjEEOwiAQRe_C2hChTGFcuu8ZyMCAVA0kpV0Z765NutDtf-_9l_C0rcVvPS1-ZnERIE6_W6D4SHUHfKd6azK2ui5zkLsiD9rl1Dg9r4f7d1Col2-tmQiBM6ABrXhUgKQdaGcxnq0DxS6loE2MMQ_WIuchBDNmzJDQaRTvD9rzN9M:1trYCI:JMFpHAUCAo25OVIfQGu060v7hF7UULT0b3xPi89Chew", "expire_date": "2025-03-24T08:09:14.065Z"}}, {"model": "sessions.session", "pk": "mymlacbpum3r2t2iwvem8i6vnngyv9g2", "fields": {"session_data": ".eJxVjM0OwiAQhN-FsyH8WcCjd5-BsLsgVQNJaU_Gd5cmPehpJvPNzJuFuK0lbD0tYSZ2YZKdfjOI-Ex1B_SI9d44trouM_C9wg_a-a1Rel2P7t9Bib2MtQAk7x2BspkMupS10GeYhI9aCrRmKDiZrVHOwpRTjlqDTyCUGQbZ5wvxqzgv:1u3jkp:uIVTNOuB6RUnrNyv_pOJt35iqUM6SMo8IoEMnVlwyPI", "expire_date": "2025-04-26T22:55:15.344Z"}}, {"model": "sessions.session", "pk": "n3g8teo26176fc65l7k1q64m1e3txjln", "fields": {"session_data": ".eJxVjMsOwiAQRf-FtSEFHB4u3fcbyDAMUjU0Ke3K-O_apAvd3nPOfYmI21rj1nmJUxYXocTpd0tID247yHdst1nS3NZlSnJX5EG7HOfMz-vh_h1U7PVb61AKZNKgzoWNUeSU1WbIyfsU0ATFDoDAcrEAWNgHiwOZ5CihZSji_QHgCjhB:1trJ5p:AdCgSU7VV03kkNR3muDw5WgVdVq6Sv_I3t5BCGvAsmo", "expire_date": "2025-03-23T16:01:33.039Z"}}, {"model": "sessions.session", "pk": "pf8x4qjrn2ebc469ueypr39jqn8we3bq", "fields": {"session_data": ".eJxVjM0OwiAQhN-FsyH8WcCjd5-BsLsgVQNJaU_Gd5cmPehpJvPNzJuFuK0lbD0tYSZ2YZKdfjOI-Ex1B_SI9d44trouM_C9wg_a-a1Rel2P7t9Bib2MtQAk7x2BspkMupS10GeYhI9aCrRmKDiZrVHOwpRTjlqDTyCUGQbZ5wvxqzgv:1w01qv:E4s_gBkbsrV-tbfIWszgOsWo3BXRJNer-tLVXSwqPOo", "expire_date": "2026-03-24T18:30:45.748Z"}}, {"model": "sessions.session", "pk": "qzdxjefmoqqmc0sov2swctkoy9b4vr2i", "fields": {"session_data": ".eJxVjM0OwiAQhN-FsyH8WcCjd5-BsLsgVQNJaU_Gd5cmPehpJvPNzJuFuK0lbD0tYSZ2YZKdfjOI-Ex1B_SI9d44trouM_C9wg_a-a1Rel2P7t9Bib2MtQAk7x2BspkMupS10GeYhI9aCrRmKDiZrVHOwpRTjlqDTyCUGQbZ5wvxqzgv:1vlPa5:pigoOwyXuXctXeSrRSQCQE9aUhoyLQFCw9wvFQ_7Vv8", "expire_date": "2026-02-12T10:48:57.557Z"}}, {"model": "sessions.session", "pk": "sdtifa2od7ey1pf1n7448na2vjhacynk", "fields": {"session_data": ".eJxVjMsOwiAQRf-FtSEFHB4u3fcbyDAMUjU0Ke3K-O_apAvd3nPOfYmI21rj1nmJUxYXocTpd0tID247yHdst1nS3NZlSnJX5EG7HOfMz-vh_h1U7PVb61AKZNKgzoWNUeSU1WbIyfsU0ATFDoDAcrEAWNgHiwOZ5CihZSji_QHgCjhB:1ts6vJ:RO8c7y7WO2doWpwX-1rST9ruAxajFginQvTV0ijeqFY", "expire_date": "2025-03-25T21:14:01.787Z"}}, {"model": "sessions.session", "pk": "ul56xa29yrcvqgnyaw9b4amaoq7b7mtt", "fields": {"session_data": ".eJxVjDsOwjAQRO_iGlmx1zKBkp4zWDveNQ6gRMqnirg7iZQCqpHmvZnVJF7mmpZJx9SJuZpoTr8dOL-034E8uX8MNg_9PHawu2IPOtn7IPq-He7fQeWpbmugEDmfOWvwHl4uylFCA5w9NVtQQICgiUreMSKhdUVLKw6UNZvPFwoSOR0:1ts6zl:kuA2MpsynnHPjY_eHuZ6Vxw2aIEj0UgwkTFR-Rnz6CA", "expire_date": "2025-03-25T21:18:37.023Z"}}, {"model": "sessions.session", "pk": "vegm7tgol40005junbyv6ksg0a7kwmch", "fields": {"session_data": ".eJxVjM0OwiAQhN-FsyH8WcCjd5-BsLsgVQNJaU_Gd5cmPehpJvPNzJuFuK0lbD0tYSZ2YZKdfjOI-Ex1B_SI9d44trouM_C9wg_a-a1Rel2P7t9Bib2MtQAk7x2BspkMupS10GeYhI9aCrRmKDiZrVHOwpRTjlqDTyCUGQbZ5wvxqzgv:1tsqDX:tneypweIhw9d1z4H_Az6YYV0zuq82YPuRVLUb43KEZk", "expire_date": "2025-03-27T21:35:51.633Z"}}, {"model": "sessions.session", "pk": "zpkhdfwjnmqdkro95fau7tajlq1np5bv", "fields": {"session_data": ".eJxVjDsOwjAQBe_iGlm24y8lPWew1rsbHECOFCcV4u4QKQW0b2beS2TY1pq3zkueSJzFIE6_WwF8cNsB3aHdZolzW5epyF2RB-3yOhM_L4f7d1Ch12_tgo-K0SAXlXyK3iebcDBuZJs0Kw7BeCBCCNqgtRoNODeiwlgUJSPeH9KDN60:1w01sy:xtnm8w-KdKqnLyxf5Ghw3WouoIERCwxyq7OO-VdXQAQ", "expire_date": "2026-03-24T18:32:52.050Z"}}, {"model": "core.gruppo", "pk": 1, "fields": {"nome": "REM", "descrizione": "", "data_creazione": "2025-03-08T15:37:53.930Z", "creatore": 1}}, {"model": "core.membrogruppo", "pk": 1, "fields": {"utente": 1, "gruppo": 1, "ruolo": "admin", "data_aggiunta": "2025-03-08T15:37:53.937Z"}}, {"model": "core.membrogruppo", "pk": 2, "fields": {"utente": 3, "gruppo": 1, "ruolo": "admin", "data_aggiunta": "2025-03-11T07:23:27.942Z"}}, {"model": "core.membrogruppo", "pk": 4, "fields": {"utente": 7, "gruppo": 1, "ruolo": "admin", "data_aggiunta": "2026-03-08T14:47:44.397Z"}}, {"model": "core.invitogruppo", "pk": 1, "fields": {"gruppo": 1, "email": "cinirachele@gmail.com", "ruolo_proposto": "admin", "token": "b7aae4d1-4796-440a-9886-d353ebc9e8b8", "data_invio": "2025-03-08T15:38:16.033Z", "data_scadenza": "2025-03-15T15:38:16.033Z", "stato": "inviato", "invitato_da": 1}}, {"model": "core.invitogruppo", "pk": 2, "fields": {"gruppo": 1, "email": "", "ruolo_proposto": "editor", "token": "6f756f90-3d9d-4836-8ad3-baf278530d77", "data_invio": "2025-03-10T07:52:00.891Z", "data_scadenza": "2025-03-17T07:52:00.891Z", "stato": "accettato", "invitato_da": 1}}, {"model": "core.invitogruppo", "pk": 3, "fields": {"gruppo": 1, "email": "", "ruolo_proposto": "editor", "token": "3e3d21a6-b2dc-4452-97f3-37cd9b29e7ee", "data_invio": "2025-03-11T21:20:30.354Z", "data_scadenza": "2025-03-18T21:20:30.354Z", "stato": "accettato", "invitato_da": 1}}, {"model": "core.invitogruppo", "pk": 4, "fields": {"gruppo": 1, "email": "cinirachele@gmail.com", "ruolo_proposto": "admin", "token": "0ea050b7-7aa9-475c-b700-86cac4826d4e", "data_invio": "2026-03-08T14:47:13.844Z", "data_scadenza": "2026-03-15T14:47:13.843Z", "stato": "accettato", "invitato_da": 1}}, {"model": "core.apiario", "pk": 2, "fields": {"nome": "Zio di Edo", "posizione": "43.907926, 10.458910", "note": "", "data_creazione": "2026-03-04T16:23:42.331Z", "latitudine": "43.90792600", "longitudine": "10.45891000", "proprietario": 1, "gruppo": 1, "condiviso_con_gruppo": true, "monitoraggio_meteo": true, "visibilita_mappa": "gruppo"}}, {"model": "core.arnia", "pk": 7, "fields": {"apiario": 2, "numero": 1, "colore": "rosso", "colore_hex": "#dc3545", "data_installazione": "2024-03-10", "note": "", "attiva": true}}, {"model": "core.arnia", "pk": 8, "fields": {"apiario": 2, "numero": 2, "colore": "blu", "colore_hex": "#0d6efd", "data_installazione": "2024-03-10", "note": "", "attiva": true}}, {"model": "core.arnia", "pk": 9, "fields": {"apiario": 2, "numero": 3, "colore": "giallo", "colore_hex": "#FFC107", "data_installazione": "2025-03-10", "note": "", "attiva": true}}, {"model": "core.arnia", "pk": 10, "fields": {"apiario": 2, "numero": 4, "colore": "giallo", "colore_hex": "#FFC107", "data_installazione": "2025-03-10", "note": "", "attiva": true}}, {"model": "core.arnia", "pk": 11, "fields": {"apiario": 2, "numero": 5, "colore": "giallo", "colore_hex": "#FFC107", "data_installazione": "2025-03-04", "note": "", "attiva": true}}, {"model": "core.controlloarnia", "pk": 14, "fields": {"arnia": 7, "data": "2026-02-25", "utente": 1, "telaini_scorte": 3, "telaini_covata": 4, "presenza_regina": true, "sciamatura": false, "data_sciamatura": null, "note_sciamatura": null, "problemi_sanitari": false, "note_problemi": null, "note": "", "data_creazione": "2026-03-04T16:28:50.636Z", "regina_vista": true, "uova_fresche": true, "celle_reali": false, "numero_celle_reali": 0, "regina_sostituita": false, "telaini_config": "[\"scorte\",\"covata\",\"covata\",\"covata\",\"covata\",\"scorte\",\"scorte\",\"diaframma\",\"vuoto\",\"vuoto\"]"}}, {"model": "core.controlloarnia", "pk": 15, "fields": {"arnia": 8, "data": "2026-02-25", "utente": 1, "telaini_scorte": 3, "telaini_covata": 3, "presenza_regina": false, "sciamatura": false, "data_sciamatura": null, "note_sciamatura": "", "problemi_sanitari": false, "note_problemi": "", "note": "", "data_creazione": "2026-03-04T16:31:34.970Z", "regina_vista": false, "uova_fresche": false, "celle_reali": false, "numero_celle_reali": 0, "regina_sostituita": false, "telaini_config": "[\"scorte\",\"covata\",\"covata\",\"covata\",\"scorte\",\"scorte\",\"diaframma\",\"vuoto\",\"vuoto\",\"vuoto\"]"}}, {"model": "core.controlloarnia", "pk": 16, "fields": {"arnia": 9, "data": "2026-02-25", "utente": 1, "telaini_scorte": 3, "telaini_covata": 5, "presenza_regina": true, "sciamatura": false, "data_sciamatura": null, "note_sciamatura": null, "problemi_sanitari": false, "note_problemi": null, "note": "", "data_creazione": "2026-03-04T16:34:15.086Z", "regina_vista": true, "uova_fresche": true, "celle_reali": false, "numero_celle_reali": 0, "regina_sostituita": false, "telaini_config": "[\"scorte\",\"covata\",\"covata\",\"covata\",\"covata\",\"covata\",\"scorte\",\"scorte\",\"diaframma\",\"vuoto\"]"}}, {"model": "core.controlloarnia", "pk": 17, "fields": {"arnia": 10, "data": "2026-02-25", "utente": 1, "telaini_scorte": 3, "telaini_covata": 5, "presenza_regina": true, "sciamatura": false, "data_sciamatura": null, "note_sciamatura": "", "problemi_sanitari": false, "note_problemi": "", "note": "", "data_creazione": "2026-03-04T16:38:01.104Z", "regina_vista": true, "uova_fresche": true, "celle_reali": false, "numero_celle_reali": 0, "regina_sostituita": false, "telaini_config": "[\"scorte\",\"covata\",\"covata\",\"covata\",\"covata\",\"covata\",\"scorte\",\"scorte\",\"diaframma\",\"vuoto\"]"}}, {"model": "core.controlloarnia", "pk": 18, "fields": {"arnia": 11, "data": "2026-02-25", "utente": 1, "telaini_scorte": 3, "telaini_covata": 6, "presenza_regina": true, "sciamatura": false, "data_sciamatura": null, "note_sciamatura": "", "problemi_sanitari": false, "note_problemi": "", "note": "", "data_creazione": "2026-03-04T16:42:24.763Z", "regina_vista": true, "uova_fresche": true, "celle_reali": false, "numero_celle_reali": 0, "regina_sostituita": false, "telaini_config": "[\"scorte\",\"covata\",\"covata\",\"covata\",\"covata\",\"covata\",\"covata\",\"scorte\",\"scorte\",\"diaframma\"]"}}, {"model": "core.regina", "pk": 2, "fields": {"arnia": 7, "data_nascita": "2024-03-10", "data_introduzione": "2024-03-10", "origine": "allevata", "razza": "ligustica", "regina_madre": null, "codice_marcatura": null, "colore_marcatura": "verde", "marcata": true, "fecondata": true, "selezionata": false, "note": null, "docilita": 2, "produttivita": 4, "resistenza_malattie": 3, "tendenza_sciamatura": 3}}, {"model": "core.regina", "pk": 3, "fields": {"arnia": 9, "data_nascita": "2022-04-10", "data_introduzione": "2025-05-10", "origine": "sciamatura", "razza": "ligustica", "regina_madre": null, "codice_marcatura": null, "colore_marcatura": "blu", "marcata": true, "fecondata": true, "selezionata": false, "note": null, "docilita": 5, "produttivita": 4, "resistenza_malattie": 3, "tendenza_sciamatura": 3}}, {"model": "core.regina", "pk": 4, "fields": {"arnia": 10, "data_nascita": "2025-02-10", "data_introduzione": "2025-03-10", "origine": "sciamatura", "razza": "ligustica", "regina_madre": null, "codice_marcatura": null, "colore_marcatura": "blu", "marcata": true, "fecondata": true, "selezionata": false, "note": null, "docilita": 5, "produttivita": 4, "resistenza_malattie": 3, "tendenza_sciamatura": 3}}, {"model": "core.regina", "pk": 5, "fields": {"arnia": 11, "data_nascita": "2025-02-10", "data_introduzione": "2025-03-10", "origine": "allevata", "razza": "ligustica", "regina_madre": null, "codice_marcatura": null, "colore_marcatura": "blu", "marcata": true, "fecondata": true, "selezionata": false, "note": null, "docilita": 5, "produttivita": 4, "resistenza_malattie": 3, "tendenza_sciamatura": 3}}, {"model": "core.vendita", "pk": 1, "fields": {"data": "2026-03-03", "cliente": null, "acquirente_nome": null, "canale": "privato", "pagamento": "contanti", "utente": 1, "gruppo": null, "note": "", "data_registrazione": "2026-03-11T08:03:26.757Z"}}, {"model": "core.dettagliovendita", "pk": 1, "fields": {"vendita": 1, "categoria": "miele", "tipo_miele": "Acacia", "formato_vasetto": 500, "quantita": 3, "prezzo_unitario": "6.00"}}, {"model": "core.dettagliovendita", "pk": 2, "fields": {"vendita": 1, "categoria": "polline", "tipo_miele": null, "formato_vasetto": null, "quantita": 50, "prezzo_unitario": "5.00"}}, {"model": "core.fioritura", "pk": 1, "fields": {"apiario": null, "pianta": "Acacia", "data_inizio": "2025-04-13", "data_fine": "2025-05-15", "note": "", "latitudine": "43.82131000", "longitudine": "10.57098700", "raggio": 1000, "creatore": 3, "data_creazione": "2025-03-09T12:59:39.954Z", "data_modifica": "2025-04-12T22:46:45.441Z", "pubblica": false, "intensita": null, "pianta_tipo": null}}, {"model": "core.fioritura", "pk": 2, "fields": {"apiario": null, "pianta": "Magnolia", "data_inizio": "2026-02-15", "data_fine": "2026-03-12", "note": null, "latitudine": "43.78878870", "longitudine": "10.47155970", "raggio": 500, "creatore": 1, "data_creazione": "2026-03-08T08:48:07.526Z", "data_modifica": "2026-03-08T19:29:41.281Z", "pubblica": true, "intensita": 3, "pianta_tipo": "coltivata"}}, {"model": "core.fioritura", "pk": 3, "fields": {"apiario": null, "pianta": "Mimosa", "data_inizio": "2026-02-22", "data_fine": "2026-03-08", "note": null, "latitudine": "43.84840280", "longitudine": "10.57430110", "raggio": 500, "creatore": 1, "data_creazione": "2026-03-08T19:29:24.577Z", "data_modifica": "2026-03-08T19:29:24.577Z", "pubblica": true, "intensita": null, "pianta_tipo": "spontanea"}}, {"model": "core.fiorituraconferma", "pk": 1, "fields": {"fioritura": 2, "utente": 1, "data": "2026-03-08T08:48:26.405Z", "intensita": 5, "nota": ""}}, {"model": "core.fiorituraconferma", "pk": 2, "fields": {"fioritura": 3, "utente": 1, "data": "2026-03-08T19:30:04.429Z", "intensita": 5, "nota": ""}}, {"model": "core.quotautente", "pk": 2, "fields": {"utente": 1, "percentuale": "33.33", "gruppo": 1}}, {"model": "core.quotautente", "pk": 4, "fields": {"utente": 3, "percentuale": "33.33", "gruppo": 1}}, {"model": "core.quotautente", "pk": 5, "fields": {"utente": 6, "percentuale": "33.34", "gruppo": 1}}, {"model": "core.tipotrattamento", "pk": 1, "fields": {"nome": "Antivarroa", "principio_attivo": "Acido Ossalico", "descrizione": "", "istruzioni": "", "tempo_sospensione": 14, "richiede_blocco_covata": true, "giorni_blocco_covata": 21, "nota_blocco_covata": ""}}, {"model": "core.tipotrattamento", "pk": 2, "fields": {"nome": "Calistrip", "principio_attivo": "Acido ossalico", "descrizione": null, "istruzioni": null, "tempo_sospensione": 0, "richiede_blocco_covata": false, "giorni_blocco_covata": 0, "nota_blocco_covata": null}}, {"model": "core.trattamentosanitario", "pk": 1, "fields": {"apiario": 2, "tipo_trattamento": 2, "data_inizio": "2026-02-28", "data_fine": "2026-04-11", "data_fine_sospensione": null, "stato": "in_corso", "utente": 1, "note": "", "data_creazione": "2026-03-04T17:32:56.770Z", "metodo_applicazione": null, "blocco_covata_attivo": false, "data_inizio_blocco": null, "data_fine_blocco": null, "metodo_blocco": null, "note_blocco": null, "arnie": [7, 8, 9, 10, 11]}}, {"model": "core.profilo", "pk": 1, "fields": {"utente": 1, "immagine": "profili/default.png", "data_nascita": null, "bio": "", "gemini_api_key": ""}}, {"model": "core.profilo", "pk": 2, "fields": {"utente": 2, "immagine": "profili/default.png", "data_nascita": null, "bio": "", "gemini_api_key": ""}}, {"model": "core.profilo", "pk": 3, "fields": {"utente": 3, "immagine": "profili/default.png", "data_nascita": null, "bio": "", "gemini_api_key": ""}}, {"model": "core.profilo", "pk": 4, "fields": {"utente": 4, "immagine": "profili/default.png", "data_nascita": null, "bio": "", "gemini_api_key": ""}}, {"model": "core.profilo", "pk": 5, "fields": {"utente": 5, "immagine": "profili/default.png", "data_nascita": null, "bio": "", "gemini_api_key": ""}}, {"model": "core.profilo", "pk": 6, "fields": {"utente": 6, "immagine": "profili/default.png", "data_nascita": null, "bio": "", "gemini_api_key": ""}}, {"model": "core.profilo", "pk": 7, "fields": {"utente": 7, "immagine": "profili/default.png", "data_nascita": null, "bio": "", "gemini_api_key": ""}}, {"model": "core.immagineprofilo", "pk": 1, "fields": {"gruppo": 1, "immagine": "gruppi/default.png"}}, {"model": "core.apiariomaplayout", "pk": 1, "fields": {"apiario": 2, "layout_json": "{\"arnie\":{\"7\":{\"x\":4750,\"y\":4750},\"8\":{\"x\":4890,\"y\":4750},\"9\":{\"x\":5160,\"y\":4620},\"10\":{\"x\":5160,\"y\":4500},\"11\":{\"x\":5160,\"y\":4380},\"12\":{\"x\":5163.3308552731305,\"y\":4259.347186111671}},\"elements\":[{\"id\":\"albero_1772956497208_6592\",\"type\":\"albero\",\"x\":5220,\"y\":4680}]}", "updated_at": "2026-03-11T18:13:15.275Z"}}, {"model": "core.analisitelaino", "pk": 1, "fields": {"arnia": 8, "numero_telaino": 2, "facciata": "A", "data": "2026-03-11", "conteggio_api": 194, "conteggio_regine": 0, "conteggio_fuchi": 0, "conteggio_celle_reali": 0, "confidence_media": 0.454, "note": null, "immagine": "analisi_telaini/telaino_8_2A.jpg", "utente": 1, "data_registrazione": "2026-03-11T14:29:28.244Z"}}]